"Time","A4261269","A4261269","A4261269"
"and","Discharge (Ml/day)","Discharge (Ml/day)","Discharge (Ml/day)"
"Date","Max","Mean","Min"
18/08/2016 00:00,"","",""
19/08/2016 00:00,"","",""
20/08/2016 00:00,"","",""
21/08/2016 00:00,"","",""
22/08/2016 00:00,"","",""
23/08/2016 00:00,"","",""
24/08/2016 00:00,"","",""
25/08/2016 00:00,"","",""
26/08/2016 00:00,"","",""
27/08/2016 00:00,"","",""
28/08/2016 00:00,"","",""
29/08/2016 00:00,"","",""
30/08/2016 00:00,"","",""
31/08/2016 00:00,"","",""
01/09/2016 00:00,"","",""
02/09/2016 00:00,"","",""
03/09/2016 00:00,"","",""
04/09/2016 00:00,"","",""
05/09/2016 00:00,"","",""
06/09/2016 00:00,"","",""
07/09/2016 00:00,"","",""
08/09/2016 00:00,"","",""
09/09/2016 00:00,"","",""
10/09/2016 00:00,"","",""
11/09/2016 00:00,"","",""
12/09/2016 00:00,"","",""
13/09/2016 00:00,"","",""
14/09/2016 00:00,"","",""
15/09/2016 00:00,"","",""
16/09/2016 00:00,"","",""
17/09/2016 00:00,"","",""
18/09/2016 00:00,"","",""
19/09/2016 00:00,"","",""
20/09/2016 00:00,"","",""
21/09/2016 00:00,       0.864,       0.487,       0.259
22/09/2016 00:00,       0.864,       0.561,       0.259
23/09/2016 00:00,       0.950,       0.534,      -0.086
24/09/2016 00:00,       0.950,       0.470,      -0.086
25/09/2016 00:00,       1.210,       0.473,      -0.086
26/09/2016 00:00,       0.950,       0.441,      -0.346
27/09/2016 00:00,       0.864,       0.372,      -0.346
28/09/2016 00:00,      91.411,      10.044,      -0.346
29/09/2016 00:00,      79.056,      30.126,      11.923
30/09/2016 00:00,      74.390,      23.922,      10.109
01/10/2016 00:00,      10.886,       7.043,       4.147
02/10/2016 00:00,       9.504,       4.416,       2.419
03/10/2016 00:00,      71.626,      16.027,       4.234
04/10/2016 00:00,      56.506,      19.959,      11.405
05/10/2016 00:00,      12.355,       9.300,       5.789
06/10/2016 00:00,       6.480,       4.241,       2.074
07/10/2016 00:00,       4.579,       1.973,       0.605
08/10/2016 00:00,       2.419,       1.421,       0.173
09/10/2016 00:00,       3.110,       1.464,       0.259
10/10/2016 00:00,       2.765,       1.034,      -1.901
11/10/2016 00:00,       3.283,       0.303,      -2.246
12/10/2016 00:00,       3.456,       0.291,      -1.814
13/10/2016 00:00,       2.592,       0.223,      -1.728
14/10/2016 00:00,       2.765,       0.107,      -0.086
15/10/2016 00:00,       0.346,       0.087,      -0.173
16/10/2016 00:00,       5.962,       1.761,      -0.605
17/10/2016 00:00,      19.699,       2.746,      -1.814
18/10/2016 00:00,      23.587,      12.289,       7.344
19/10/2016 00:00,       8.294,       5.527,       2.938
20/10/2016 00:00,       4.320,       2.532,       1.382
21/10/2016 00:00,      19.440,      10.180,       3.629
22/10/2016 00:00,       7.430,       5.331,       2.506
23/10/2016 00:00,       4.493,       2.540,       1.469
24/10/2016 00:00,       2.592,       1.628,      -0.259
25/10/2016 00:00,       2.419,       0.661,      -2.333
26/10/2016 00:00,       3.283,       0.334,      -1.814
27/10/2016 00:00,       2.160,       0.245,      -1.814
28/10/2016 00:00,       0.432,       0.186,      -0.086
29/10/2016 00:00,       0.432,       0.124,      -0.346
30/10/2016 00:00,       2.765,       0.174,      -2.246
31/10/2016 00:00,       0.432,       0.171,       0.000
01/11/2016 00:00,       2.419,       0.194,      -1.901
02/11/2016 00:00,       0.346,       0.106,      -0.173
03/11/2016 00:00,       0.346,       0.101,      -0.259
04/11/2016 00:00,       0.778,       0.091,      -0.518
05/11/2016 00:00,       1.123,       0.072,      -1.037
06/11/2016 00:00,       1.296,       0.196,      -0.864
07/11/2016 00:00,       2.765,       0.198,      -1.987
08/11/2016 00:00,       1.123,       0.286,      -1.210
09/11/2016 00:00,       1.987,       0.217,      -1.555
10/11/2016 00:00,       5.702,       0.351,      -3.715
11/11/2016 00:00,       2.333,       0.214,      -6.307
12/11/2016 00:00,       3.456,       0.537,      -0.432
13/11/2016 00:00,       2.506,       0.551,      -1.123
14/11/2016 00:00,       1.210,       0.428,      -0.259
15/11/2016 00:00,       1.210,       0.381,      -0.346
16/11/2016 00:00,       5.962,       0.592,      -5.098
17/11/2016 00:00,      20.218,       1.008,     -12.874
18/11/2016 00:00,      11.491,      -0.605,     -14.342
19/11/2016 00:00,      16.157,      -0.611,     -15.466
20/11/2016 00:00,      19.008,       0.306,     -22.032
21/11/2016 00:00,      21.168,       0.636,     -17.539
22/11/2016 00:00,       7.430,      -0.244,     -11.664
23/11/2016 00:00,      14.256,      -0.377,     -13.651
24/11/2016 00:00,      17.626,      -0.125,     -21.686
25/11/2016 00:00,      16.070,      -1.314,     -15.725
26/11/2016 00:00,      13.046,       0.085,     -13.133
27/11/2016 00:00,      19.181,      -0.663,     -17.021
28/11/2016 00:00,      24.451,       0.264,     -20.995
29/11/2016 00:00,      17.021,      -0.515,     -21.859
30/11/2016 00:00,      31.709,       1.970,     -25.920
01/12/2016 00:00,      24.883,      -0.429,     -24.797
02/12/2016 00:00,      16.157,      -0.065,     -15.293
03/12/2016 00:00,      16.502,      -1.672,     -24.019
04/12/2016 00:00,      15.638,      -0.304,     -19.526
05/12/2016 00:00,       5.270,      -0.124,      -5.616
06/12/2016 00:00,       5.357,      -0.411,     -10.714
07/12/2016 00:00,       2.592,      -0.090,      -3.024
08/12/2016 00:00,       3.456,       0.295,      -1.728
09/12/2016 00:00,       3.888,       0.004,      -7.171
10/12/2016 00:00,      11.491,      -0.208,      -9.331
11/12/2016 00:00,      14.256,      -0.297,     -11.923
12/12/2016 00:00,      19.526,       0.899,     -15.638
13/12/2016 00:00,       7.776,       0.229,      -6.739
14/12/2016 00:00,       1.555,      -0.093,      -4.234
15/12/2016 00:00,       1.901,       0.076,      -2.246
16/12/2016 00:00,       2.333,       0.064,      -1.901
17/12/2016 00:00,       2.678,       0.027,      -1.987
18/12/2016 00:00,       2.160,       0.123,      -1.728
19/12/2016 00:00,       4.493,       0.024,      -3.370
20/12/2016 00:00,       5.443,      -0.014,      -5.184
21/12/2016 00:00,       2.592,       0.118,      -2.246
22/12/2016 00:00,       1.987,       0.030,      -2.074
23/12/2016 00:00,       1.987,      -0.080,      -5.011
24/12/2016 00:00,       2.765,       0.062,      -1.901
25/12/2016 00:00,       3.888,       0.214,      -3.110
26/12/2016 00:00,       2.592,       0.118,      -1.987
27/12/2016 00:00,       6.912,      -0.019,      -3.715
28/12/2016 00:00,      39.830,       5.710,      -1.037
29/12/2016 00:00,      17.453,       0.169,     -18.230
30/12/2016 00:00,      19.008,       1.140,     -19.613
31/12/2016 00:00,      16.762,       0.089,     -15.811
01/01/2017 00:00,      16.070,       0.903,     -18.230
02/01/2017 00:00,      14.342,      -1.812,     -18.490
03/01/2017 00:00,      22.810,       1.688,     -17.453
04/01/2017 00:00,      26.093,       1.022,     -20.995
05/01/2017 00:00,      34.042,      -0.449,     -21.859
06/01/2017 00:00,      28.426,      -0.966,     -25.747
07/01/2017 00:00,      23.933,       0.440,     -20.218
08/01/2017 00:00,      23.587,      -0.328,     -32.314
09/01/2017 00:00,      27.994,       0.743,     -27.562
10/01/2017 00:00,      22.637,       0.724,     -24.624
11/01/2017 00:00,      22.291,      -1.989,     -23.414
12/01/2017 00:00,      19.094,      -0.687,     -16.848
13/01/2017 00:00,       7.258,       0.270,     -10.800
14/01/2017 00:00,      27.043,       0.187,     -21.514
15/01/2017 00:00,      24.451,      -0.991,     -28.685
16/01/2017 00:00,      32.141,       1.401,     -23.501
17/01/2017 00:00,      26.266,      -0.418,     -24.365
18/01/2017 00:00,      21.859,      -0.495,     -21.082
19/01/2017 00:00,      28.426,       0.124,     -23.846
20/01/2017 00:00,       7.949,       1.368,      -7.776
21/01/2017 00:00,      23.846,      -0.319,     -24.883
22/01/2017 00:00,      29.376,       1.207,     -27.216
23/01/2017 00:00,      23.328,       1.978,     -17.280
24/01/2017 00:00,      11.664,       0.141,     -17.539
25/01/2017 00:00,      24.970,      -2.996,     -27.821
26/01/2017 00:00,      25.834,      -0.483,     -23.846
27/01/2017 00:00,      26.611,       0.231,     -20.909
28/01/2017 00:00,      24.970,      -0.340,     -32.486
29/01/2017 00:00,      24.278,       1.028,     -18.922
30/01/2017 00:00,       8.122,       0.270,      -8.035
31/01/2017 00:00,       8.208,      -0.099,      -8.554
01/02/2017 00:00,       5.011,       0.051,      -4.838
02/02/2017 00:00,       3.629,       0.095,      -2.592
03/02/2017 00:00,       4.493,      -0.034,      -4.838
04/02/2017 00:00,       7.085,      -0.334,     -12.096
05/02/2017 00:00,      15.725,       0.187,     -13.738
06/02/2017 00:00,       3.888,       0.901,      -1.210
07/02/2017 00:00,      13.565,      -0.496,     -13.306
08/02/2017 00:00,      27.302,      -0.337,     -25.056
09/02/2017 00:00,      28.858,      -1.311,     -22.896
10/02/2017 00:00,      14.170,       0.151,     -18.835
11/02/2017 00:00,      19.699,      -0.419,     -23.242
12/02/2017 00:00,      12.960,       0.171,     -14.947
13/02/2017 00:00,       4.493,       0.027,      -5.011
14/02/2017 00:00,      12.787,      -0.312,     -19.181
15/02/2017 00:00,      16.934,       0.726,     -18.922
16/02/2017 00:00,      17.107,      -0.316,     -15.293
17/02/2017 00:00,      20.218,      -0.100,     -17.280
18/02/2017 00:00,      13.219,      -0.472,     -17.280
19/02/2017 00:00,       1.901,       0.026,      -1.987
20/02/2017 00:00,      11.146,      -0.362,     -19.699
21/02/2017 00:00,      19.008,       1.008,     -18.144
22/02/2017 00:00,      24.451,       1.975,     -17.194
23/02/2017 00:00,      22.637,       0.064,     -25.834
24/02/2017 00:00,      27.216,      -1.748,     -24.451
25/02/2017 00:00,      20.736,       0.803,     -24.538
26/02/2017 00:00,      20.822,       0.122,     -20.390
27/02/2017 00:00,      25.661,       1.345,     -21.946
28/02/2017 00:00,      31.104,       3.124,     -23.155
01/03/2017 00:00,      32.400,      -2.288,     -36.720
02/03/2017 00:00,      38.534,      -3.899,     -37.930
03/03/2017 00:00,      36.893,      -3.692,     -35.770
04/03/2017 00:00,      39.398,      -2.889,     -35.942
05/03/2017 00:00,      35.510,      -3.889,     -34.042
06/03/2017 00:00,      33.005,      -2.651,     -34.560
07/03/2017 00:00,      23.587,       2.545,     -23.587
08/03/2017 00:00,      26.784,      -0.388,     -28.771
09/03/2017 00:00,      36.115,       0.222,     -23.328
10/03/2017 00:00,      35.856,       3.148,     -29.462
11/03/2017 00:00,      34.646,       2.782,     -28.512
12/03/2017 00:00,      22.118,      -1.122,     -19.267
13/03/2017 00:00,       2.851,       0.228,      -2.160
14/03/2017 00:00,      14.170,      -0.300,     -18.058
15/03/2017 00:00,      21.859,      -1.777,     -25.574
16/03/2017 00:00,      31.882,      -0.335,     -23.846
17/03/2017 00:00,      31.882,       0.431,     -30.845
18/03/2017 00:00,      34.560,      -1.061,     -26.957
19/03/2017 00:00,      30.931,      -0.347,     -30.240
20/03/2017 00:00,      28.858,       0.190,     -33.264
21/03/2017 00:00,      33.091,      -4.413,     -36.634
22/03/2017 00:00,      18.230,       0.146,     -25.661
23/03/2017 00:00,      20.995,       0.643,     -22.637
24/03/2017 00:00,      22.810,       0.813,     -28.685
25/03/2017 00:00,      33.091,      -2.646,     -29.549
26/03/2017 00:00,      29.635,       0.332,     -23.674
27/03/2017 00:00,      28.944,       0.349,     -28.426
28/03/2017 00:00,      28.080,       0.727,     -24.538
29/03/2017 00:00,      24.019,       0.764,     -21.859
30/03/2017 00:00,       8.986,      -0.291,     -13.133
31/03/2017 00:00,      19.958,       1.110,     -18.662
01/04/2017 00:00,      17.280,       0.281,     -18.058
02/04/2017 00:00,      21.514,       1.132,     -15.206
03/04/2017 00:00,      26.266,       0.908,     -26.006
04/04/2017 00:00,      31.709,       0.726,     -30.240
05/04/2017 00:00,      22.637,       1.714,     -23.414
06/04/2017 00:00,      31.363,       2.365,     -26.006
07/04/2017 00:00,      32.314,       4.648,     -20.563
08/04/2017 00:00,      16.762,      -1.523,     -20.563
09/04/2017 00:00,      11.664,       0.195,     -11.837
10/04/2017 00:00,       3.110,       0.127,      -4.493
11/04/2017 00:00,       3.370,       0.119,      -2.333
12/04/2017 00:00,       9.331,      -0.186,      -9.158
13/04/2017 00:00,      11.405,      -0.453,     -15.552
14/04/2017 00:00,      11.837,       0.219,      -8.813
15/04/2017 00:00,      15.898,       0.559,     -13.651
16/04/2017 00:00,      15.898,       0.200,     -16.070
17/04/2017 00:00,      22.118,       0.081,     -26.698
18/04/2017 00:00,      11.405,      -0.032,     -15.898
19/04/2017 00:00,       7.171,       0.283,      -9.677
20/04/2017 00:00,      11.578,       0.965,     -12.701
21/04/2017 00:00,       6.912,      -0.328,      -8.813
22/04/2017 00:00,      18.230,       0.498,     -24.797
23/04/2017 00:00,      27.475,       2.600,     -22.464
24/04/2017 00:00,      11.491,       0.201,      -4.320
25/04/2017 00:00,      10.282,       0.184,      -6.566
26/04/2017 00:00,       2.938,       0.272,      -1.296
27/04/2017 00:00,      16.416,      -0.659,     -19.958
28/04/2017 00:00,      19.872,      -0.084,     -19.786
29/04/2017 00:00,      19.440,       0.233,     -20.909
30/04/2017 00:00,      22.032,      -1.290,     -24.710
01/05/2017 00:00,      16.243,      -0.525,     -20.650
02/05/2017 00:00,      19.526,      -0.372,     -21.686
03/05/2017 00:00,      18.490,      -0.096,     -21.600
04/05/2017 00:00,      22.723,      -0.713,     -19.958
05/05/2017 00:00,      23.760,       0.190,     -24.192
06/05/2017 00:00,      26.006,      -0.105,     -23.414
07/05/2017 00:00,      18.922,      -1.350,     -22.378
08/05/2017 00:00,      27.302,      -0.834,     -24.278
09/05/2017 00:00,      25.402,      -1.078,     -26.093
10/05/2017 00:00,      24.970,       0.037,     -25.574
11/05/2017 00:00,      21.773,       0.825,     -24.624
12/05/2017 00:00,      29.549,      -0.274,     -28.166
13/05/2017 00:00,      23.328,      -1.911,     -25.402
14/05/2017 00:00,      25.229,      -0.634,     -28.685
15/05/2017 00:00,      29.030,      -0.125,     -29.981
16/05/2017 00:00,      24.278,       1.239,     -21.341
17/05/2017 00:00,      19.613,      -0.280,     -20.477
18/05/2017 00:00,      12.355,       0.234,      -8.035
19/05/2017 00:00,       3.110,       0.104,      -5.616
20/05/2017 00:00,       6.653,       0.118,      -4.752
21/05/2017 00:00,      18.835,      -0.186,     -19.094
22/05/2017 00:00,      20.650,      -0.936,     -20.304
23/05/2017 00:00,      14.774,      -0.032,     -13.651
24/05/2017 00:00,      13.133,       0.420,      -9.763
25/05/2017 00:00,      22.205,      -0.171,     -23.846
26/05/2017 00:00,      24.883,       0.443,     -25.056
27/05/2017 00:00,      19.872,       0.467,     -21.168
28/05/2017 00:00,       9.418,      -0.053,     -14.170
29/05/2017 00:00,      17.885,       0.802,     -14.083
30/05/2017 00:00,      11.318,       0.103,     -12.528
31/05/2017 00:00,      25.747,       1.124,     -25.315
01/06/2017 00:00,      19.699,      -1.109,     -23.846
02/06/2017 00:00,      36.720,       0.251,     -31.018
03/06/2017 00:00,      32.227,      -0.951,     -29.894
04/06/2017 00:00,      27.043,      -1.211,     -23.760
05/06/2017 00:00,      27.994,      -1.437,     -24.019
06/06/2017 00:00,      20.131,       0.905,     -17.021
07/06/2017 00:00,      23.587,       0.912,     -17.798
08/06/2017 00:00,      21.859,       0.337,     -24.365
09/06/2017 00:00,      10.973,      -0.085,     -11.923
10/06/2017 00:00,      18.662,       1.723,     -12.701
11/06/2017 00:00,      28.512,       1.590,     -22.982
12/06/2017 00:00,      24.192,      -1.275,     -22.464
13/06/2017 00:00,      24.192,       0.593,     -25.747
14/06/2017 00:00,      27.907,      -1.120,     -28.598
15/06/2017 00:00,      25.315,      -1.358,     -25.142
16/06/2017 00:00,      24.365,      -0.002,     -23.242
17/06/2017 00:00,      32.573,      -1.283,     -26.611
18/06/2017 00:00,      28.080,       0.062,     -24.192
19/06/2017 00:00,      29.635,      -0.331,     -24.624
20/06/2017 00:00,      22.810,       1.393,     -22.378
21/06/2017 00:00,      22.378,      -0.874,     -28.253
22/06/2017 00:00,      24.192,       0.437,     -29.376
23/06/2017 00:00,      22.118,       0.275,     -21.514
24/06/2017 00:00,      20.736,       0.378,     -25.142
25/06/2017 00:00,      14.429,       0.299,     -16.157
26/06/2017 00:00,      11.146,       0.098,     -12.010
27/06/2017 00:00,       8.467,      -0.098,     -10.541
28/06/2017 00:00,       9.850,      -0.429,     -11.232
29/06/2017 00:00,       4.061,       0.110,      -3.456
30/06/2017 00:00,       4.147,       0.211,      -5.098
01/07/2017 00:00,      11.664,      -0.146,     -11.491
02/07/2017 00:00,      21.168,       0.866,     -14.602
03/07/2017 00:00,      13.565,       0.305,     -15.725
04/07/2017 00:00,       3.283,       1.531,      -1.037
05/07/2017 00:00,       2.765,       1.027,      -1.296
06/07/2017 00:00,       5.357,       0.011,      -5.011
07/07/2017 00:00,       4.234,       0.129,      -4.666
08/07/2017 00:00,       3.802,       0.563,      -4.061
09/07/2017 00:00,       3.283,       0.992,      -1.642
10/07/2017 00:00,       5.270,       0.213,      -4.320
11/07/2017 00:00,       7.430,      -0.587,      -8.122
12/07/2017 00:00,      11.318,      -0.437,     -11.664
13/07/2017 00:00,      16.848,       0.189,     -10.973
14/07/2017 00:00,       2.074,       0.343,      -0.691
15/07/2017 00:00,      11.837,       0.338,      -6.998
16/07/2017 00:00,       9.158,      -0.569,     -10.022
17/07/2017 00:00,       3.715,       0.986,      -1.123
18/07/2017 00:00,       5.702,       2.254,       0.346
19/07/2017 00:00,       2.592,       1.167,      -0.864
20/07/2017 00:00,       1.037,       0.380,      -1.382
21/07/2017 00:00,       5.530,       0.297,      -5.530
22/07/2017 00:00,      11.923,      -0.090,     -13.219
23/07/2017 00:00,      15.120,       0.864,     -10.627
24/07/2017 00:00,       7.949,       0.130,      -7.776
25/07/2017 00:00,      12.355,      -0.508,     -12.701
26/07/2017 00:00,       3.110,       0.586,      -1.469
27/07/2017 00:00,       2.851,       0.103,      -6.394
28/07/2017 00:00,       7.862,       0.198,      -7.862
29/07/2017 00:00,       8.208,       0.026,      -8.899
30/07/2017 00:00,      17.453,       1.954,      -0.173
31/07/2017 00:00,       2.592,       1.566,       0.605
01/08/2017 00:00,       3.197,       0.736,      -1.469
02/08/2017 00:00,       0.691,       0.501,       0.259
03/08/2017 00:00,       5.011,       2.633,       0.518
04/08/2017 00:00,      18.749,       4.629,       0.864
05/08/2017 00:00,      35.510,       7.686,       1.987
06/08/2017 00:00,      32.573,      10.598,       3.974
07/08/2017 00:00,       4.234,       2.656,       1.901
08/08/2017 00:00,       2.333,       1.635,       1.210
09/08/2017 00:00,       2.851,       1.183,      -0.173
10/08/2017 00:00,       3.715,       0.930,      -1.469
11/08/2017 00:00,       3.110,       1.208,      -0.691
12/08/2017 00:00,       3.024,       0.905,      -1.814
13/08/2017 00:00,       0.864,       0.678,       0.432
14/08/2017 00:00,       0.864,       0.556,       0.173
15/08/2017 00:00,      19.526,       6.019,       0.000
16/08/2017 00:00,       6.739,       4.271,       2.765
17/08/2017 00:00,      35.251,      15.289,       6.134
18/08/2017 00:00,      10.195,       5.319,       2.160
19/08/2017 00:00,       3.974,       2.433,       0.605
20/08/2017 00:00,       4.666,       2.058,       0.864
21/08/2017 00:00,       3.802,       2.475,       0.259
22/08/2017 00:00,       3.370,       1.610,       0.778
23/08/2017 00:00,       4.147,       2.041,       0.605
24/08/2017 00:00,       1.901,       1.136,       0.259
25/08/2017 00:00,       3.283,       0.821,      -1.382
26/08/2017 00:00,       3.456,       0.716,      -2.333
27/08/2017 00:00,       3.283,       0.878,      -1.555
28/08/2017 00:00,       3.629,       0.692,      -1.296
29/08/2017 00:00,       0.778,       0.567,       0.346
30/08/2017 00:00,       0.778,       0.525,       0.173
31/08/2017 00:00,       0.864,       0.475,       0.086
01/09/2017 00:00,       1.210,       0.436,      -0.432
02/09/2017 00:00,       3.629,       0.721,      -0.518
03/09/2017 00:00,      37.152,      13.443,       3.542
04/09/2017 00:00,      32.832,       9.438,       5.443
05/09/2017 00:00,       5.962,       3.803,       2.851
06/09/2017 00:00,       3.542,       2.719,       1.987
07/09/2017 00:00,       3.110,       2.523,       1.814
08/09/2017 00:00,       3.542,       2.024,       0.950
09/09/2017 00:00,       2.592,       1.460,      -0.432
10/09/2017 00:00,       3.197,       1.190,      -0.605
11/09/2017 00:00,       3.110,       0.967,       0.346
12/09/2017 00:00,       1.814,       0.928,       0.605
13/09/2017 00:00,       3.283,       1.065,      -1.555
14/09/2017 00:00,       1.123,       0.878,       0.605
15/09/2017 00:00,       1.210,       0.912,       0.691
16/09/2017 00:00,       1.123,       0.759,       0.259
17/09/2017 00:00,       0.950,       0.441,      -1.123
18/09/2017 00:00,       3.542,       0.696,      -1.987
19/09/2017 00:00,       1.210,       0.623,       0.086
20/09/2017 00:00,       2.851,       0.057,      -6.653
21/09/2017 00:00,       8.986,      -0.251,     -10.454
22/09/2017 00:00,      14.602,      -2.994,     -19.094
23/09/2017 00:00,      22.550,      -0.634,     -19.008
24/09/2017 00:00,       8.986,      -3.542,     -13.824
25/09/2017 00:00,      13.651,       1.126,      -7.517
26/09/2017 00:00,      21.427,       0.956,     -21.168
27/09/2017 00:00,      20.390,       4.260,      -7.344
28/09/2017 00:00,      17.194,      -1.613,     -17.712
29/09/2017 00:00,      10.627,      -1.666,     -13.565
30/09/2017 00:00,      14.774,      -3.595,     -16.589
01/10/2017 00:00,      17.539,      -1.289,     -17.280
02/10/2017 00:00,      19.786,       1.015,     -17.194
03/10/2017 00:00,      11.146,       0.311,     -14.688
04/10/2017 00:00,       7.776,       0.084,     -10.195
05/10/2017 00:00,      11.146,       0.249,     -12.182
06/10/2017 00:00,      19.267,       3.654,     -12.701
07/10/2017 00:00,      11.750,       0.994,     -12.960
08/10/2017 00:00,      13.219,      -0.009,     -14.170
09/10/2017 00:00,      12.614,       0.008,     -13.219
10/10/2017 00:00,       8.294,      -0.134,      -8.554
11/10/2017 00:00,       5.875,       0.675,      -5.530
12/10/2017 00:00,      17.885,      -2.237,     -18.490
13/10/2017 00:00,      21.773,      -5.184,     -21.427
14/10/2017 00:00,       3.283,      -3.420,     -13.478
15/10/2017 00:00,       7.430,       0.197,     -10.800
16/10/2017 00:00,      14.602,       1.038,      -8.035
17/10/2017 00:00,      14.170,       1.317,      -9.590
18/10/2017 00:00,      17.107,       0.799,     -14.774
19/10/2017 00:00,      17.539,       1.363,     -13.219
20/10/2017 00:00,      15.898,       1.310,     -12.614
21/10/2017 00:00,      18.403,       1.059,     -15.811
22/10/2017 00:00,      10.627,      -1.279,     -10.282
23/10/2017 00:00,      28.598,       2.569,     -18.835
24/10/2017 00:00,      11.750,      -1.359,     -18.058
25/10/2017 00:00,      16.070,      -0.503,     -16.157
26/10/2017 00:00,      17.885,       2.375,     -14.083
27/10/2017 00:00,      17.971,       0.562,     -16.070
28/10/2017 00:00,      17.021,      -0.082,     -16.157
29/10/2017 00:00,      14.256,       0.285,     -15.725
30/10/2017 00:00,      18.749,      -0.966,     -20.736
31/10/2017 00:00,      14.170,       0.705,     -12.096
01/11/2017 00:00,      19.094,       0.154,     -15.725
02/11/2017 00:00,      15.466,       1.206,     -14.861
03/11/2017 00:00,      15.034,       0.905,     -16.070
04/11/2017 00:00,      16.762,       2.160,     -12.442
05/11/2017 00:00,      13.651,       0.110,     -14.947
06/11/2017 00:00,      15.638,       0.708,     -13.997
07/11/2017 00:00,      16.502,       1.160,     -13.565
08/11/2017 00:00,      16.243,       0.506,     -12.874
09/11/2017 00:00,      12.355,      -0.218,     -11.318
10/11/2017 00:00,      15.466,       1.910,     -12.269
11/11/2017 00:00,      11.664,      -0.123,     -12.182
12/11/2017 00:00,       8.986,      -0.740,     -12.614
13/11/2017 00:00,       8.035,       0.558,     -10.973
14/11/2017 00:00,      13.738,      -0.475,     -12.096
15/11/2017 00:00,      10.886,       1.018,      -6.221
16/11/2017 00:00,       1.123,       0.481,      -0.778
17/11/2017 00:00,      17.971,       1.264,     -10.454
18/11/2017 00:00,      19.699,      -0.381,     -17.280
19/11/2017 00:00,      12.528,      -0.650,     -16.070
20/11/2017 00:00,      16.848,      -0.672,     -18.230
21/11/2017 00:00,      11.146,       0.033,     -15.898
22/11/2017 00:00,       4.752,      -0.783,      -8.467
23/11/2017 00:00,      16.589,       0.283,     -18.230
24/11/2017 00:00,      20.045,      -0.465,     -22.464
25/11/2017 00:00,      18.835,       0.295,     -22.982
26/11/2017 00:00,      23.587,       0.517,     -19.354
27/11/2017 00:00,      17.366,      -1.540,     -22.637
28/11/2017 00:00,      15.638,       1.045,     -13.738
29/11/2017 00:00,       7.085,      -0.329,      -7.776
30/11/2017 00:00,       5.184,      -0.003,      -2.506
01/12/2017 00:00,      15.466,       0.944,      -8.726
02/12/2017 00:00,       3.629,       0.273,      -5.616
03/12/2017 00:00,      15.984,      -0.832,     -15.725
04/12/2017 00:00,      17.194,      -0.908,     -19.094
05/12/2017 00:00,      17.453,       2.203,     -14.170
06/12/2017 00:00,      18.144,       1.289,     -15.811
07/12/2017 00:00,      27.216,       0.206,     -21.168
08/12/2017 00:00,      24.883,       1.915,     -26.179
09/12/2017 00:00,      24.278,       2.253,     -17.539
10/12/2017 00:00,      21.773,       2.024,     -22.378
11/12/2017 00:00,      15.034,       0.581,     -13.046
12/12/2017 00:00,       7.776,       0.163,      -9.418
13/12/2017 00:00,       3.802,       0.186,      -3.370
14/12/2017 00:00,       3.888,      -0.144,      -5.011
15/12/2017 00:00,       8.726,      -0.274,      -7.258
16/12/2017 00:00,       8.554,       0.360,      -6.048
17/12/2017 00:00,       5.875,       0.357,      -3.283
18/12/2017 00:00,       4.666,      -0.506,      -4.838
19/12/2017 00:00,      28.771,       0.700,     -25.142
20/12/2017 00:00,      23.501,       1.211,     -17.539
21/12/2017 00:00,      23.242,      -0.381,     -22.982
22/12/2017 00:00,      12.528,      -0.170,     -17.107
23/12/2017 00:00,      12.442,       0.104,     -14.861
24/12/2017 00:00,       4.752,      -0.663,      -6.998
25/12/2017 00:00,       5.270,      -0.011,      -7.949
26/12/2017 00:00,       8.640,       0.262,      -6.221
27/12/2017 00:00,       5.270,       0.062,      -6.480
28/12/2017 00:00,       4.925,      -0.326,      -5.962
29/12/2017 00:00,       9.763,      -0.183,     -12.614
30/12/2017 00:00,      37.238,       2.044,     -19.354
31/12/2017 00:00,      26.438,       1.240,     -27.734
01/01/2018 00:00,      17.885,      -1.948,     -22.032
02/01/2018 00:00,      22.723,       0.924,     -20.995
03/01/2018 00:00,      19.786,      -1.274,     -24.365
04/01/2018 00:00,      19.354,      -0.530,     -20.477
05/01/2018 00:00,      13.738,       0.213,     -12.355
06/01/2018 00:00,       7.258,       0.542,      -6.134
07/01/2018 00:00,       4.925,       0.284,      -5.098
08/01/2018 00:00,      13.651,      -0.935,     -10.714
09/01/2018 00:00,       8.899,       1.134,      -6.653
10/01/2018 00:00,      15.293,      -0.356,      -7.430
11/01/2018 00:00,       8.381,       0.444,      -5.962
12/01/2018 00:00,       8.208,       0.465,      -6.739
13/01/2018 00:00,      12.960,       1.842,     -10.282
14/01/2018 00:00,      21.514,       0.819,     -19.267
15/01/2018 00:00,       7.085,      -0.151,     -13.565
16/01/2018 00:00,       7.690,       0.672,      -8.640
17/01/2018 00:00,       7.430,       0.827,      -4.838
18/01/2018 00:00,       3.456,      -0.384,      -5.789
19/01/2018 00:00,       4.838,       0.202,      -3.110
20/01/2018 00:00,       3.715,       0.000,      -4.061
21/01/2018 00:00,       2.246,      -0.142,      -3.456
22/01/2018 00:00,       4.666,       0.393,      -3.197
23/01/2018 00:00,       5.962,       0.623,      -6.221
24/01/2018 00:00,       6.480,       0.464,      -5.184
25/01/2018 00:00,       4.752,       0.539,      -4.061
26/01/2018 00:00,       5.098,       0.872,      -2.333
27/01/2018 00:00,       4.579,       0.439,      -3.888
28/01/2018 00:00,       3.370,       0.318,      -2.678
29/01/2018 00:00,       4.579,       0.109,      -6.653
30/01/2018 00:00,      10.195,       0.959,      -8.381
31/01/2018 00:00,       8.381,       1.314,      -7.085
01/02/2018 00:00,      22.550,      -1.702,     -20.563
02/02/2018 00:00,      13.478,      -2.662,     -18.749
03/02/2018 00:00,      20.995,      -2.132,     -21.427
04/02/2018 00:00,      13.738,       0.039,      -9.245
05/02/2018 00:00,       4.666,      -0.133,      -5.270
06/02/2018 00:00,       4.493,       0.189,      -4.752
07/02/2018 00:00,       5.011,       0.090,      -3.110
08/02/2018 00:00,       3.888,       0.128,      -2.160
09/02/2018 00:00,       2.246,      -0.115,      -2.246
10/02/2018 00:00,       1.642,      -0.022,      -1.901
11/02/2018 00:00,       1.210,      -0.288,      -2.506
12/02/2018 00:00,       3.024,      -0.158,      -2.074
13/02/2018 00:00,       2.506,       0.122,      -1.814
14/02/2018 00:00,       2.246,      -0.046,      -2.419
15/02/2018 00:00,       1.987,      -0.029,      -1.728
16/02/2018 00:00,       2.592,       0.022,      -2.765
17/02/2018 00:00,       1.901,      -0.089,      -3.283
18/02/2018 00:00,       2.678,       0.018,      -2.333
19/02/2018 00:00,       2.074,       0.170,      -1.728
20/02/2018 00:00,       2.333,       0.066,      -1.987
21/02/2018 00:00,       3.974,      -0.025,      -2.333
22/02/2018 00:00,       2.592,      -0.014,      -3.888
23/02/2018 00:00,       2.333,       0.102,      -2.160
24/02/2018 00:00,       7.258,       0.233,      -7.258
25/02/2018 00:00,      10.714,      -0.327,     -18.058
26/02/2018 00:00,      26.611,      -0.451,     -27.821
27/02/2018 00:00,      23.846,       1.465,     -17.539
28/02/2018 00:00,      15.552,       0.667,     -17.539
01/03/2018 00:00,      13.997,       0.855,     -15.898
02/03/2018 00:00,       9.763,       0.371,      -9.504
03/03/2018 00:00,       4.838,       0.211,      -5.184
04/03/2018 00:00,       4.493,       0.050,      -5.011
05/03/2018 00:00,       5.875,      -0.127,      -6.307
06/03/2018 00:00,       9.072,       0.317,      -9.331
07/03/2018 00:00,       9.850,       0.084,      -9.763
08/03/2018 00:00,       4.061,       0.209,      -3.888
09/03/2018 00:00,       3.542,      -0.091,      -4.925
10/03/2018 00:00,       4.752,       0.012,      -4.666
11/03/2018 00:00,      13.565,      -0.113,     -12.182
12/03/2018 00:00,       7.862,      -0.173,      -7.430
13/03/2018 00:00,       8.899,      -0.078,     -14.083
14/03/2018 00:00,       6.221,      -0.164,      -7.344
15/03/2018 00:00,       6.826,      -0.232,      -7.344
16/03/2018 00:00,       8.208,       0.040,      -8.208
17/03/2018 00:00,       5.702,      -0.213,     -12.614
18/03/2018 00:00,      16.848,      -0.295,     -20.995
19/03/2018 00:00,      22.118,       0.501,     -20.304
20/03/2018 00:00,      15.466,      -0.248,     -17.626
21/03/2018 00:00,      17.885,      -1.511,     -21.427
22/03/2018 00:00,      22.637,      -1.060,     -25.488
23/03/2018 00:00,      21.600,      -0.728,     -25.488
24/03/2018 00:00,      15.725,       0.974,     -13.219
25/03/2018 00:00,      10.627,       0.072,     -10.714
26/03/2018 00:00,      10.022,      -0.806,     -11.405
27/03/2018 00:00,      17.280,      -0.030,     -21.168
28/03/2018 00:00,      22.291,       0.062,     -23.587
29/03/2018 00:00,      21.341,      -0.057,     -19.267
30/03/2018 00:00,      20.909,       0.116,     -19.267
31/03/2018 00:00,      14.083,       0.357,     -12.182
01/04/2018 00:00,      13.392,      -0.267,     -15.984
02/04/2018 00:00,      24.451,       0.258,     -19.526
03/04/2018 00:00,      22.982,       0.398,     -21.082
04/04/2018 00:00,      18.317,      -0.544,     -20.477
05/04/2018 00:00,      18.922,      -0.380,     -18.058
06/04/2018 00:00,      13.565,      -0.321,     -17.712
07/04/2018 00:00,      14.861,      -1.209,     -21.341
08/04/2018 00:00,      21.773,       0.186,     -20.218
09/04/2018 00:00,      27.648,      -0.868,     -26.698
10/04/2018 00:00,      22.291,       0.023,     -18.662
11/04/2018 00:00,      25.488,       0.046,     -17.626
12/04/2018 00:00,      19.008,      -0.417,     -18.662
13/04/2018 00:00,      19.267,       1.363,     -19.613
14/04/2018 00:00,      10.886,      -0.026,     -12.010
15/04/2018 00:00,      14.602,       0.218,     -15.725
16/04/2018 00:00,      11.232,       0.131,      -8.640
17/04/2018 00:00,      14.429,       0.569,     -13.738
18/04/2018 00:00,       8.899,      -0.006,      -8.208
19/04/2018 00:00,       3.888,       0.012,      -5.357
20/04/2018 00:00,      21.168,      -0.454,     -19.786
21/04/2018 00:00,       9.936,       0.012,      -8.381
22/04/2018 00:00,      17.280,      -0.727,     -22.723
23/04/2018 00:00,      21.600,       1.167,     -24.278
24/04/2018 00:00,      18.403,      -1.275,     -22.032
25/04/2018 00:00,      22.464,       0.009,     -23.155
26/04/2018 00:00,      19.699,      -0.345,     -22.291
27/04/2018 00:00,      21.600,      -0.474,     -22.637
28/04/2018 00:00,      25.315,       0.921,     -21.946
29/04/2018 00:00,      26.611,      -0.371,     -24.451
30/04/2018 00:00,      24.192,      -0.269,     -26.698
01/05/2018 00:00,      26.352,      -0.334,     -26.006
02/05/2018 00:00,      17.971,      -2.569,     -23.414
03/05/2018 00:00,      18.317,      -0.080,     -15.811
04/05/2018 00:00,      22.291,      -0.252,     -13.738
05/05/2018 00:00,      22.291,       0.014,     -17.539
06/05/2018 00:00,      17.885,      -0.217,     -13.219
07/05/2018 00:00,      16.070,       0.396,     -19.008
08/05/2018 00:00,      23.501,      -0.371,     -20.218
09/05/2018 00:00,      24.106,       0.962,     -19.440
10/05/2018 00:00,      20.131,      -0.178,     -17.539
11/05/2018 00:00,      22.723,       0.314,     -19.267
12/05/2018 00:00,      19.008,       0.774,     -20.736
13/05/2018 00:00,       4.320,       0.036,      -4.493
14/05/2018 00:00,      14.947,       0.307,     -10.195
15/05/2018 00:00,       2.938,       0.097,      -2.419
16/05/2018 00:00,       3.110,      -0.009,      -3.370
17/05/2018 00:00,       5.011,      -0.118,      -8.294
18/05/2018 00:00,       9.072,      -0.119,      -8.899
19/05/2018 00:00,       8.208,      -0.028,     -14.861
20/05/2018 00:00,      10.195,       0.014,     -13.306
21/05/2018 00:00,       3.370,      -0.002,      -5.702
22/05/2018 00:00,       3.370,       0.041,      -6.739
23/05/2018 00:00,       5.098,       0.021,      -4.579
24/05/2018 00:00,      21.859,      -0.189,     -19.181
25/05/2018 00:00,      15.811,      -0.015,     -22.896
26/05/2018 00:00,      12.442,       0.155,     -10.454
27/05/2018 00:00,       9.245,       0.074,      -8.035
28/05/2018 00:00,       7.430,      -0.248,      -7.603
29/05/2018 00:00,       5.357,       0.088,      -5.098
30/05/2018 00:00,       2.765,       0.009,      -7.603
31/05/2018 00:00,       6.912,       0.196,      -4.493
01/06/2018 00:00,       7.690,       0.118,      -5.357
02/06/2018 00:00,       1.814,      -0.049,      -4.406
03/06/2018 00:00,       6.480,       0.093,      -5.875
04/06/2018 00:00,       1.987,       0.121,      -1.642
05/06/2018 00:00,       1.728,      -0.034,      -6.480
06/06/2018 00:00,       1.555,       0.097,      -1.814
07/06/2018 00:00,       3.110,       0.059,      -2.160
08/06/2018 00:00,       2.246,      -0.001,      -1.555
09/06/2018 00:00,       4.061,       0.223,      -3.715
10/06/2018 00:00,       3.197,      -0.001,      -2.938
11/06/2018 00:00,       2.851,       0.007,      -2.419
12/06/2018 00:00,       2.765,       0.123,      -9.418
13/06/2018 00:00,       1.987,       0.232,      -1.469
14/06/2018 00:00,      13.478,       1.121,      -1.642
15/06/2018 00:00,       2.074,       0.373,      -1.037
16/06/2018 00:00,       2.074,       0.126,      -3.974
17/06/2018 00:00,       3.283,       0.244,      -0.950
18/06/2018 00:00,       2.074,       0.114,      -1.210
19/06/2018 00:00,       3.110,       0.030,      -4.666
20/06/2018 00:00,       2.592,       0.035,      -3.542
21/06/2018 00:00,       2.938,       0.159,      -2.851
22/06/2018 00:00,       3.197,       0.075,      -2.592
23/06/2018 00:00,       2.333,       0.086,      -2.938
24/06/2018 00:00,       3.456,       0.264,      -4.666
25/06/2018 00:00,       6.134,       0.379,      -5.184
26/06/2018 00:00,      10.368,      -0.184,     -10.627
27/06/2018 00:00,       7.690,      -0.401,      -9.590
28/06/2018 00:00,       5.702,      -0.076,      -8.035
29/06/2018 00:00,       2.506,      -0.149,      -3.197
30/06/2018 00:00,       3.370,       0.168,      -4.752
01/07/2018 00:00,       5.184,       0.215,      -5.357
02/07/2018 00:00,       2.938,       0.085,      -2.765
03/07/2018 00:00,       3.024,       0.072,      -3.110
04/07/2018 00:00,       0.864,       0.061,      -1.296
05/07/2018 00:00,       1.469,       0.083,      -1.987
06/07/2018 00:00,       3.715,       0.579,      -1.296
07/07/2018 00:00,      11.491,       1.617,      -0.950
08/07/2018 00:00,      20.563,       1.224,     -12.269
09/07/2018 00:00,      22.982,       1.881,     -18.490
10/07/2018 00:00,      30.326,       0.340,     -23.414
11/07/2018 00:00,      23.242,       2.782,      -9.072
12/07/2018 00:00,       7.344,      -0.298,     -16.762
13/07/2018 00:00,      29.808,      -1.009,     -32.573
14/07/2018 00:00,      30.413,       1.427,     -34.042
15/07/2018 00:00,      26.093,       0.103,     -39.398
16/07/2018 00:00,      27.994,       1.190,     -30.586
17/07/2018 00:00,      23.328,      -0.835,     -18.403
18/07/2018 00:00,      23.242,       0.953,     -19.354
19/07/2018 00:00,      33.350,       1.704,     -12.874
20/07/2018 00:00,       9.418,       0.104,      -8.726
21/07/2018 00:00,      17.194,       0.584,     -15.034
22/07/2018 00:00,      33.264,       1.492,     -29.808
23/07/2018 00:00,      30.067,       3.237,     -18.749
24/07/2018 00:00,      22.032,      -0.759,     -21.427
25/07/2018 00:00,      20.736,       1.523,     -11.491
26/07/2018 00:00,      12.355,       0.240,     -12.614
27/07/2018 00:00,      19.526,       0.809,     -26.093
28/07/2018 00:00,      30.240,      -2.392,     -27.302
29/07/2018 00:00,      12.787,      -0.099,     -12.269
30/07/2018 00:00,      19.786,      -1.328,     -21.168
31/07/2018 00:00,       8.122,       0.252,     -11.059
01/08/2018 00:00,       2.506,       0.343,      -1.469
02/08/2018 00:00,       0.778,       0.244,      -0.346
03/08/2018 00:00,       3.456,       1.989,       0.000
04/08/2018 00:00,       1.987,       0.921,      -0.950
05/08/2018 00:00,       9.590,       1.741,      -0.778
06/08/2018 00:00,      10.627,       4.805,      -0.518
07/08/2018 00:00,       3.715,       1.971,       1.123
08/08/2018 00:00,       3.456,       2.298,       1.296
09/08/2018 00:00,       2.160,       1.284,      -0.778
10/08/2018 00:00,       3.110,       1.038,      -0.605
11/08/2018 00:00,       3.715,       1.717,       0.432
12/08/2018 00:00,       2.246,       1.062,      -1.210
13/08/2018 00:00,       1.987,       1.068,      -0.086
14/08/2018 00:00,       0.950,       0.728,       0.432
15/08/2018 00:00,       0.778,       0.540,       0.259
16/08/2018 00:00,       0.691,       0.418,       0.086
17/08/2018 00:00,       3.110,       0.539,       0.086
18/08/2018 00:00,       6.566,       2.155,       0.259
19/08/2018 00:00,       1.037,       0.793,       0.432
20/08/2018 00:00,       0.864,       0.616,       0.346
21/08/2018 00:00,       1.123,       0.870,       0.518
22/08/2018 00:00,       1.555,       0.513,      -0.605
23/08/2018 00:00,       6.307,       0.628,      -5.443
24/08/2018 00:00,       8.035,      -0.719,     -11.405
25/08/2018 00:00,       9.418,      -3.236,     -12.269
26/08/2018 00:00,       8.899,      -1.334,     -10.541
27/08/2018 00:00,       8.208,      -0.175,     -11.059
28/08/2018 00:00,       7.171,      -4.438,     -12.528
29/08/2018 00:00,      19.613,      -0.863,     -15.898
30/08/2018 00:00,      13.133,       0.926,     -12.787
31/08/2018 00:00,       1.382,       0.403,      -2.938
01/09/2018 00:00,       7.258,       0.739,      -8.899
02/09/2018 00:00,       3.024,       1.071,      -0.086
03/09/2018 00:00,       6.221,      -0.049,      -8.208
04/09/2018 00:00,       6.826,      -1.229,     -10.714
05/09/2018 00:00,      11.232,       0.415,     -12.010
06/09/2018 00:00,      11.232,      -1.195,     -12.528
07/09/2018 00:00,      14.861,       2.150,     -16.762
08/09/2018 00:00,      14.688,       0.292,     -10.454
09/09/2018 00:00,      14.947,      -2.604,     -19.267
10/09/2018 00:00,      19.526,      -0.710,     -18.230
11/09/2018 00:00,      17.971,       0.794,     -17.971
12/09/2018 00:00,      13.738,       0.680,     -13.738
13/09/2018 00:00,      14.256,       0.776,     -15.725
14/09/2018 00:00,      18.230,       0.680,     -16.589
15/09/2018 00:00,       6.394,       0.250,      -6.826
16/09/2018 00:00,      14.947,      -0.570,     -20.736
17/09/2018 00:00,      18.835,      -2.593,     -19.872
18/09/2018 00:00,      13.997,       0.664,     -14.342
19/09/2018 00:00,      18.317,       0.105,     -15.638
20/09/2018 00:00,      17.971,       0.423,     -18.144
21/09/2018 00:00,      21.514,      -1.454,     -24.538
22/09/2018 00:00,      17.626,       0.275,     -25.488
23/09/2018 00:00,      18.403,      -0.518,     -17.626
24/09/2018 00:00,      17.539,      -1.598,     -21.514
25/09/2018 00:00,      16.934,      -2.139,     -19.526
26/09/2018 00:00,      17.453,      -0.765,     -23.760
27/09/2018 00:00,      15.552,      -0.548,     -18.230
28/09/2018 00:00,      15.638,      -0.895,     -20.390
29/09/2018 00:00,      22.118,       1.587,     -19.872
30/09/2018 00:00,      21.859,      -0.832,     -24.970
01/10/2018 00:00,      13.651,      -1.254,     -20.131
02/10/2018 00:00,      15.638,      -0.807,     -16.762
03/10/2018 00:00,      16.330,       0.183,     -16.330
04/10/2018 00:00,      22.118,       0.011,     -19.267
05/10/2018 00:00,      18.662,       0.823,     -19.872
06/10/2018 00:00,      19.699,      -0.255,     -19.267
07/10/2018 00:00,      18.230,       1.097,     -16.675
08/10/2018 00:00,      17.885,       1.092,     -18.144
09/10/2018 00:00,      13.392,       0.439,     -13.478
10/10/2018 00:00,      21.514,      -0.096,     -23.674
11/10/2018 00:00,      17.366,       0.822,     -19.094
12/10/2018 00:00,      18.576,      -0.697,     -14.342
13/10/2018 00:00,      15.984,       2.550,     -13.824
14/10/2018 00:00,      11.664,       0.086,     -18.922
15/10/2018 00:00,      17.539,       1.531,     -18.230
16/10/2018 00:00,       6.653,       0.217,     -10.195
17/10/2018 00:00,       9.590,       0.676,      -8.467
18/10/2018 00:00,      17.712,      -0.222,     -19.181
19/10/2018 00:00,      20.736,      -0.551,     -22.550
20/10/2018 00:00,      19.786,      -0.651,     -16.243
21/10/2018 00:00,      10.627,      -0.925,     -14.256
22/10/2018 00:00,       6.134,      -0.682,     -10.195
23/10/2018 00:00,       7.171,       0.266,      -5.098
24/10/2018 00:00,      10.195,      -0.393,      -8.640
25/10/2018 00:00,       6.998,      -0.043,      -6.826
26/10/2018 00:00,       5.270,       0.401,      -6.653
27/10/2018 00:00,       5.702,      -0.052,      -8.294
28/10/2018 00:00,      11.491,      -1.219,      -9.158
29/10/2018 00:00,       4.838,      -0.254,      -7.171
30/10/2018 00:00,       4.925,       0.102,      -3.283
31/10/2018 00:00,       4.234,      -0.272,      -5.357
01/11/2018 00:00,       6.134,       0.391,      -6.566
02/11/2018 00:00,      22.205,       0.270,     -21.946
03/11/2018 00:00,      15.725,      -0.102,     -12.960
04/11/2018 00:00,       7.430,       0.278,     -16.416
05/11/2018 00:00,      23.155,      -1.227,     -24.538
06/11/2018 00:00,      21.773,      -0.398,     -24.710
07/11/2018 00:00,      11.923,       0.745,     -13.738
08/11/2018 00:00,      15.638,       0.371,     -15.206
09/11/2018 00:00,       8.899,       0.566,      -6.480
10/11/2018 00:00,       7.085,       0.017,      -5.270
11/11/2018 00:00,       3.715,      -0.327,      -4.838
12/11/2018 00:00,       4.493,      -0.034,      -3.715
13/11/2018 00:00,       5.616,       0.166,      -4.320
14/11/2018 00:00,       3.024,       0.128,      -3.110
15/11/2018 00:00,       3.888,       0.061,      -3.024
16/11/2018 00:00,       2.851,      -0.027,      -3.888
17/11/2018 00:00,       4.320,       0.213,      -3.024
18/11/2018 00:00,       3.110,       0.011,      -2.592
19/11/2018 00:00,       3.542,       0.041,      -2.938
20/11/2018 00:00,      13.738,       0.010,     -17.626
21/11/2018 00:00,      20.650,       0.039,     -18.230
22/11/2018 00:00,      17.712,      -0.056,     -17.885
23/11/2018 00:00,      21.773,      -4.527,     -23.501
24/11/2018 00:00,      11.837,      -0.359,     -11.318
25/11/2018 00:00,      17.453,      -0.646,     -23.328
26/11/2018 00:00,      15.034,       0.838,     -12.355
27/11/2018 00:00,      12.614,       0.795,     -13.824
28/11/2018 00:00,      12.269,      -0.923,     -11.664
29/11/2018 00:00,       5.616,      -0.484,      -6.307
30/11/2018 00:00,       6.134,       0.341,      -3.629
01/12/2018 00:00,       4.234,      -0.027,      -4.752
02/12/2018 00:00,       8.035,      -0.481,      -8.899
03/12/2018 00:00,       6.826,      -0.042,      -9.504
04/12/2018 00:00,       5.616,      -0.158,      -5.270
05/12/2018 00:00,      16.330,       0.856,     -21.514
06/12/2018 00:00,      24.538,       1.389,     -29.722
07/12/2018 00:00,      15.466,      -2.885,     -24.624
08/12/2018 00:00,      14.861,      -2.542,     -21.427
09/12/2018 00:00,      17.453,       0.196,     -22.464
10/12/2018 00:00,      25.315,       1.889,     -23.242
11/12/2018 00:00,      25.747,      -0.192,     -26.438
12/12/2018 00:00,       8.986,      -1.170,     -17.107
13/12/2018 00:00,       8.467,      -0.605,     -12.442
14/12/2018 00:00,       7.862,       0.984,      -4.147
15/12/2018 00:00,       8.122,       0.177,      -3.802
16/12/2018 00:00,      10.627,       0.221,     -13.478
17/12/2018 00:00,       8.554,      -0.029,      -7.085
18/12/2018 00:00,      23.933,      -0.107,     -20.390
19/12/2018 00:00,      17.453,      -0.028,     -23.155
20/12/2018 00:00,      24.192,      -1.219,     -29.290
21/12/2018 00:00,      28.598,      -0.905,     -27.821
22/12/2018 00:00,      20.304,      -2.467,     -30.931
23/12/2018 00:00,      19.440,       1.140,     -22.291
24/12/2018 00:00,      14.774,       0.048,     -16.589
25/12/2018 00:00,       9.072,       0.172,      -6.394
26/12/2018 00:00,       5.789,       0.357,      -5.184
27/12/2018 00:00,       3.110,      -0.175,      -3.802
28/12/2018 00:00,       1.901,      -0.013,      -1.642
29/12/2018 00:00,       2.074,      -0.100,      -5.443
30/12/2018 00:00,       3.283,       0.085,      -2.074
31/12/2018 00:00,       1.469,      -0.064,      -1.469
01/01/2019 00:00,       1.123,       0.019,      -1.123
02/01/2019 00:00,       1.210,       0.000,      -1.555
03/01/2019 00:00,       1.814,      -0.018,      -1.123
04/01/2019 00:00,       0.864,       0.020,      -0.691
05/01/2019 00:00,       0.864,      -0.019,      -1.037
06/01/2019 00:00,       2.333,       0.009,      -1.296
07/01/2019 00:00,       1.123,       0.026,      -1.210
08/01/2019 00:00,       6.221,       0.005,      -4.320
09/01/2019 00:00,       1.555,      -0.050,      -1.642
10/01/2019 00:00,       1.123,       0.003,      -0.950
11/01/2019 00:00,       1.210,       0.013,      -1.555
12/01/2019 00:00,       0.691,      -0.013,      -0.605
13/01/2019 00:00,       1.123,      -0.010,      -1.901
14/01/2019 00:00,       1.210,       0.013,      -0.950
15/01/2019 00:00,       3.974,       0.030,      -2.506
16/01/2019 00:00,       0.950,      -0.008,      -1.642
17/01/2019 00:00,      10.886,       0.238,     -12.269
18/01/2019 00:00,       0.778,       0.015,      -1.037
19/01/2019 00:00,       0.950,       0.023,      -0.864
20/01/2019 00:00,      12.874,      -0.124,     -12.874
21/01/2019 00:00,       1.382,      -0.075,      -6.307
22/01/2019 00:00,       7.862,       0.040,      -8.381
23/01/2019 00:00,       0.864,      -0.020,      -1.469
24/01/2019 00:00,       8.035,      -0.158,      -8.208
25/01/2019 00:00,       9.504,       0.184,      -8.122
26/01/2019 00:00,       3.197,      -0.032,      -2.851
27/01/2019 00:00,       4.579,      -0.171,     -10.886
28/01/2019 00:00,       3.456,      -0.033,      -3.974
29/01/2019 00:00,      12.614,      -0.074,      -9.331
30/01/2019 00:00,      12.960,      -0.240,     -12.010
31/01/2019 00:00,      11.318,      -0.101,     -15.725
01/02/2019 00:00,      14.861,      -0.340,     -15.379
02/02/2019 00:00,      15.034,      -0.655,     -23.069
03/02/2019 00:00,      17.107,       0.276,     -13.997
04/02/2019 00:00,      20.390,      -0.148,     -17.453
05/02/2019 00:00,      12.096,      -0.095,     -13.306
06/02/2019 00:00,      13.133,      -0.233,     -12.355
07/02/2019 00:00,      10.627,      -0.167,      -6.653
08/02/2019 00:00,      12.010,      -0.096,     -12.787
09/02/2019 00:00,      12.355,      -0.043,     -12.182
10/02/2019 00:00,      12.269,      -0.113,     -16.416
11/02/2019 00:00,      12.442,      -0.211,     -14.688
12/02/2019 00:00,      11.059,       0.071,      -9.418
13/02/2019 00:00,      11.923,      -0.023,     -16.762
14/02/2019 00:00,      10.282,      -0.366,      -9.504
15/02/2019 00:00,      14.342,       0.090,     -13.824
16/02/2019 00:00,      11.318,      -0.212,     -11.405
17/02/2019 00:00,      10.714,      -0.706,     -14.170
18/02/2019 00:00,      15.206,      -1.386,     -15.034
19/02/2019 00:00,      13.392,      -0.297,     -15.984
20/02/2019 00:00,      13.651,      -0.578,     -18.922
21/02/2019 00:00,      21.168,       0.543,     -13.738
22/02/2019 00:00,      19.526,      -0.162,     -19.267
23/02/2019 00:00,      21.254,      -0.039,     -18.922
24/02/2019 00:00,      20.563,      -0.400,     -20.736
25/02/2019 00:00,      13.219,      -0.084,     -14.688
26/02/2019 00:00,      18.403,      -0.295,     -14.688
27/02/2019 00:00,      19.094,       0.867,     -14.083
28/02/2019 00:00,      14.342,       0.260,     -14.429
01/03/2019 00:00,      17.626,      -0.435,     -18.058
02/03/2019 00:00,      13.392,       0.219,     -12.787
03/03/2019 00:00,      19.440,      -0.541,     -15.034
04/03/2019 00:00,      18.922,       0.383,     -14.515
05/03/2019 00:00,      18.317,      -0.033,     -15.034
06/03/2019 00:00,      25.056,      -0.699,     -17.194
07/03/2019 00:00,      16.762,      -0.297,     -17.798
08/03/2019 00:00,      17.021,       1.263,     -14.256
09/03/2019 00:00,      15.725,      -0.269,     -19.526
10/03/2019 00:00,       0.000,       0.000,       0.000
11/03/2019 00:00,       0.000,       0.000,       0.000
12/03/2019 00:00,      10.368,      -0.035,     -12.182
13/03/2019 00:00,      17.021,      -0.693,     -16.070
14/03/2019 00:00,      14.688,       0.247,     -11.405
15/03/2019 00:00,      20.650,       0.320,     -20.563
16/03/2019 00:00,      22.378,       0.639,     -15.379
17/03/2019 00:00,      17.280,       0.039,     -19.699
18/03/2019 00:00,      15.811,       0.048,     -14.342
19/03/2019 00:00,       0.000,       0.000,       0.000
20/03/2019 00:00,       0.000,       0.000,       0.000
21/03/2019 00:00,       7.603,      -0.045,     -12.614
22/03/2019 00:00,       0.000,       0.000,       0.000
23/03/2019 00:00,       0.000,       0.000,       0.000
24/03/2019 00:00,       0.000,       0.000,       0.000
25/03/2019 00:00,      15.811,       0.247,     -14.861
26/03/2019 00:00,      24.970,       0.898,     -21.859
27/03/2019 00:00,      20.390,      -0.706,     -23.846
28/03/2019 00:00,       6.134,      -0.022,      -7.862
29/03/2019 00:00,       1.901,      -0.058,      -2.938
30/03/2019 00:00,       1.382,       0.018,      -2.160
31/03/2019 00:00,       3.542,      -0.027,      -7.258
01/04/2019 00:00,       4.147,       0.094,      -1.728
02/04/2019 00:00,       6.134,      -0.023,      -5.962
03/04/2019 00:00,       3.197,       0.037,     -13.133
04/04/2019 00:00,       7.862,      -0.097,     -10.195
05/04/2019 00:00,       4.234,      -0.156,      -5.184
06/04/2019 00:00,       7.517,      -0.158,      -9.504
07/04/2019 00:00,       5.789,      -0.022,      -5.184
08/04/2019 00:00,      10.886,      -0.690,     -11.837
09/04/2019 00:00,       7.430,       0.128,      -6.480
10/04/2019 00:00,       5.875,      -0.061,      -6.394
11/04/2019 00:00,       3.456,       0.072,      -4.579
12/04/2019 00:00,      12.096,      -0.090,      -6.134
13/04/2019 00:00,      10.454,      -0.089,      -9.677
14/04/2019 00:00,       3.456,       0.026,      -4.493
15/04/2019 00:00,       2.074,      -0.183,      -3.024
16/04/2019 00:00,       8.554,      -0.109,      -9.763
17/04/2019 00:00,       7.171,       0.060,      -9.590
18/04/2019 00:00,       4.320,       0.012,      -3.888
19/04/2019 00:00,       2.678,      -0.102,      -3.456
20/04/2019 00:00,       2.851,       0.033,      -1.728
21/04/2019 00:00,       6.912,       0.250,      -1.728
22/04/2019 00:00,       6.912,       0.073,      -3.715
23/04/2019 00:00,       3.802,      -0.326,      -4.579
24/04/2019 00:00,       4.579,      -0.501,      -4.925
25/04/2019 00:00,       5.443,       0.359,      -4.925
26/04/2019 00:00,       4.925,      -0.189,      -5.962
27/04/2019 00:00,      19.094,      -0.708,     -24.019
28/04/2019 00:00,      33.869,      -1.901,     -23.674
29/04/2019 00:00,      22.118,      -0.484,     -26.006
30/04/2019 00:00,      32.746,       1.499,     -29.117
01/05/2019 00:00,      27.216,      -0.058,     -19.526
02/05/2019 00:00,       6.307,       0.194,      -4.320
03/05/2019 00:00,       8.381,       0.203,      -7.690
04/05/2019 00:00,      11.491,      -0.071,     -14.861
05/05/2019 00:00,      35.942,       0.890,     -21.773
06/05/2019 00:00,      35.770,      -0.504,     -26.784
07/05/2019 00:00,      31.277,      -0.753,     -34.992
08/05/2019 00:00,      12.355,      -0.076,     -16.416
09/05/2019 00:00,      12.269,      -1.374,     -20.909
10/05/2019 00:00,      19.354,       0.505,     -10.282
11/05/2019 00:00,      15.379,       0.009,     -14.774
12/05/2019 00:00,       5.875,      -0.028,      -5.184
13/05/2019 00:00,      20.131,      -0.193,     -20.477
14/05/2019 00:00,      28.253,       2.136,     -28.944
15/05/2019 00:00,      39.226,      -0.621,     -41.126
16/05/2019 00:00,      29.030,      -4.760,     -35.942
17/05/2019 00:00,      20.218,      -1.598,     -21.773
18/05/2019 00:00,       9.850,       0.318,     -10.541
19/05/2019 00:00,      23.587,       0.295,     -20.563
20/05/2019 00:00,       3.542,       0.086,      -2.938
21/05/2019 00:00,      11.578,       0.075,     -10.022
22/05/2019 00:00,       8.294,      -0.064,      -5.962
23/05/2019 00:00,      12.614,       0.106,      -6.480
24/05/2019 00:00,       5.530,      -0.064,      -7.603
25/05/2019 00:00,       9.504,      -0.663,     -16.157
26/05/2019 00:00,      12.182,       0.076,     -10.022
27/05/2019 00:00,       8.640,       0.142,     -12.096
28/05/2019 00:00,      13.306,      -0.586,     -18.317
29/05/2019 00:00,       7.258,       0.069,      -4.406
30/05/2019 00:00,       5.011,       0.074,      -5.098
31/05/2019 00:00,       7.690,      -0.079,      -3.802
01/06/2019 00:00,       3.283,      -0.249,      -8.640
02/06/2019 00:00,       4.493,      -0.050,      -3.888
03/06/2019 00:00,       1.987,      -0.168,      -2.938
04/06/2019 00:00,       6.912,      -0.056,      -3.024
05/06/2019 00:00,       7.949,       0.002,      -4.234
06/06/2019 00:00,      14.083,       0.428,     -10.368
07/06/2019 00:00,      12.182,       0.220,      -5.702
08/06/2019 00:00,       7.171,      -0.230,     -10.454
09/06/2019 00:00,       4.320,       0.102,      -3.802
10/06/2019 00:00,       2.851,       0.050,      -3.197
11/06/2019 00:00,       7.430,       0.067,      -4.147
12/06/2019 00:00,      11.318,       0.787,     -13.219
13/06/2019 00:00,       7.258,      -1.082,     -23.242
14/06/2019 00:00,      30.240,      -0.279,     -18.403
15/06/2019 00:00,      25.488,      -3.050,     -21.514
16/06/2019 00:00,       3.715,      -0.350,     -22.378
17/06/2019 00:00,       7.862,      -0.438,     -11.923
18/06/2019 00:00,       3.542,      -0.547,     -11.578
19/06/2019 00:00,       2.678,      -0.124,      -3.542
20/06/2019 00:00,       8.294,       0.048,      -9.590
21/06/2019 00:00,       8.554,      -0.029,      -3.888
22/06/2019 00:00,      14.861,      -0.544,     -15.898
23/06/2019 00:00,       8.035,      -0.638,      -9.677
24/06/2019 00:00,      12.355,       0.200,     -11.923
25/06/2019 00:00,      10.627,       0.087,      -5.530
26/06/2019 00:00,       5.011,      -0.132,     -12.269
27/06/2019 00:00,       6.566,      -0.301,      -4.493
28/06/2019 00:00,       4.147,      -0.120,      -4.838
29/06/2019 00:00,       5.702,       1.289,      -3.197
30/06/2019 00:00,       9.072,      -0.034,     -10.368
01/07/2019 00:00,       5.011,       0.403,      -4.234
02/07/2019 00:00,       3.888,      -0.216,      -5.962
03/07/2019 00:00,       3.542,      -0.103,      -2.851
04/07/2019 00:00,       1.210,      -0.003,      -0.605
05/07/2019 00:00,       0.173,      -0.018,      -1.901
06/07/2019 00:00,       9.590,      -0.143,     -12.269
07/07/2019 00:00,      36.374,      -4.371,     -49.594
08/07/2019 00:00,      35.770,       1.495,     -21.773
09/07/2019 00:00,      14.256,      -0.136,      -9.590
10/07/2019 00:00,      44.496,       0.608,     -35.338
11/07/2019 00:00,       2.246,       0.540,      -0.950
12/07/2019 00:00,       4.234,       1.520,      -0.346
13/07/2019 00:00,       2.160,       1.223,       0.173
14/07/2019 00:00,       3.110,       0.828,      -0.259
15/07/2019 00:00,       1.555,       0.748,       0.086
16/07/2019 00:00,       2.246,       0.542,      -2.246
17/07/2019 00:00,       3.370,       1.040,      -1.642
18/07/2019 00:00,       2.592,       1.022,       0.173
19/07/2019 00:00,       2.765,       0.717,      -1.210
20/07/2019 00:00,       1.987,       0.799,      -0.778
21/07/2019 00:00,       1.901,       0.449,      -0.950
22/07/2019 00:00,       4.406,       0.619,      -2.333
23/07/2019 00:00,      13.392,       4.147,       1.382
24/07/2019 00:00,       3.197,       1.061,      -0.086
25/07/2019 00:00,       1.296,       0.362,      -0.691
26/07/2019 00:00,       1.728,       0.089,      -1.728
27/07/2019 00:00,       8.381,       0.040,      -4.147
28/07/2019 00:00,      10.714,      -0.223,      -8.467
29/07/2019 00:00,       3.197,       0.233,      -4.061
30/07/2019 00:00,       3.802,      -1.774,     -11.664
31/07/2019 00:00,      10.368,      -0.220,     -11.837
01/08/2019 00:00,      11.146,       0.473,     -11.405
02/08/2019 00:00,       9.590,       0.389,     -12.096
03/08/2019 00:00,       7.776,       0.425,      -3.974
04/08/2019 00:00,       5.530,      -0.119,     -12.182
05/08/2019 00:00,       6.912,       0.184,      -5.098
06/08/2019 00:00,       1.555,      -0.046,      -1.901
07/08/2019 00:00,       5.443,       1.053,      -2.506
08/08/2019 00:00,      22.032,       5.371,     -19.354
09/08/2019 00:00,       7.776,     -11.591,     -31.450
10/08/2019 00:00,      -0.864,      -9.531,     -17.971
11/08/2019 00:00,      -2.592,      -8.282,     -14.515
12/08/2019 00:00,      -0.432,      -7.765,     -12.787
13/08/2019 00:00,       0.173,      -7.735,     -14.602
14/08/2019 00:00,       0.518,      -7.136,     -14.083
15/08/2019 00:00,       0.086,      -7.148,     -14.170
16/08/2019 00:00,      -3.542,      -8.337,     -14.170
17/08/2019 00:00,       1.642,      -7.342,     -13.306
18/08/2019 00:00,      -2.333,     -10.112,     -23.674
19/08/2019 00:00,       7.258,      -7.257,     -14.515
20/08/2019 00:00,      -0.778,      -8.170,     -14.342
21/08/2019 00:00,      -3.542,      -9.962,     -15.725
22/08/2019 00:00,      -2.506,      -8.412,     -14.947
23/08/2019 00:00,      -1.987,      -7.994,     -13.478
24/08/2019 00:00,      -1.642,      -7.829,     -13.392
25/08/2019 00:00,       0.259,      -5.039,     -11.059
26/08/2019 00:00,       2.938,      -4.016,      -9.677
27/08/2019 00:00,       3.024,      -3.897,      -8.726
28/08/2019 00:00,       0.346,      -4.793,     -11.059
29/08/2019 00:00,       1.123,      -4.193,      -9.763
30/08/2019 00:00,       3.715,      -2.942,      -7.258
31/08/2019 00:00,       2.592,      -3.846,      -9.072
01/09/2019 00:00,      -1.037,      -7.043,     -11.750
02/09/2019 00:00,       3.456,      -4.476,     -10.109
03/09/2019 00:00,       1.123,      -5.358,     -11.059
04/09/2019 00:00,      -0.173,      -5.884,     -10.109
05/09/2019 00:00,       0.605,      -5.615,      -9.677
06/09/2019 00:00,      -1.901,      -6.557,     -11.146
07/09/2019 00:00,      -0.778,      -5.499,     -10.714
08/09/2019 00:00,      -0.605,      -6.849,     -11.405
09/09/2019 00:00,      -0.605,      -5.567,     -11.146
10/09/2019 00:00,       2.246,      -4.183,      -9.331
11/09/2019 00:00,       3.802,      -4.441,      -9.763
12/09/2019 00:00,      -0.432,      -6.815,     -12.010
13/09/2019 00:00,      -2.246,      -6.920,     -12.614
14/09/2019 00:00,      -0.518,      -7.623,     -13.133
15/09/2019 00:00,      -2.851,      -9.160,     -13.910
16/09/2019 00:00,      -4.406,      -7.932,     -12.442
17/09/2019 00:00,       1.642,      -4.759,     -10.714
18/09/2019 00:00,       5.011,      -3.812,      -9.677
19/09/2019 00:00,       0.864,      -6.138,     -16.934
20/09/2019 00:00,       2.333,      -7.451,     -13.997
21/09/2019 00:00,      -2.246,      -9.407,     -15.293
22/09/2019 00:00,       0.432,      -7.388,     -19.613
23/09/2019 00:00,      -0.259,      -7.118,     -14.688
24/09/2019 00:00,       1.901,      -5.566,     -11.318
25/09/2019 00:00,       2.419,      -5.341,     -11.664
26/09/2019 00:00,       0.605,      -6.001,     -12.960
27/09/2019 00:00,      -1.296,      -6.086,     -14.083
28/09/2019 00:00,       1.901,      -4.724,     -11.318
29/09/2019 00:00,       3.283,      -4.401,     -10.109
30/09/2019 00:00,       0.691,      -5.625,     -11.578
01/10/2019 00:00,       2.592,      -6.174,     -13.738
02/10/2019 00:00,      -0.691,      -7.692,     -12.960
03/10/2019 00:00,       1.728,      -8.772,     -17.885
04/10/2019 00:00,      -4.666,      -9.648,     -15.984
05/10/2019 00:00,      -1.210,      -8.592,     -16.675
06/10/2019 00:00,      -4.579,     -10.298,     -14.861
07/10/2019 00:00,      -5.011,     -10.624,     -15.034
08/10/2019 00:00,       0.000,      -8.420,     -15.120
09/10/2019 00:00,      -0.518,      -8.735,     -12.269
10/10/2019 00:00,       3.283,      -8.873,     -29.117
11/10/2019 00:00,       3.888,      -7.712,     -15.638
12/10/2019 00:00,      -1.123,      -8.253,     -15.638
13/10/2019 00:00,      -3.283,      -8.232,     -13.306
14/10/2019 00:00,      -2.938,      -9.255,     -14.688
15/10/2019 00:00,      -1.123,      -8.824,     -12.960
16/10/2019 00:00,      -6.826,     -12.646,     -20.304
17/10/2019 00:00,      -4.838,      -9.679,     -14.429
18/10/2019 00:00,      -5.270,      -8.842,     -16.070
19/10/2019 00:00,       2.333,      -8.453,     -16.675
20/10/2019 00:00,       1.901,      -8.083,     -19.613
21/10/2019 00:00,      -1.037,      -8.215,     -18.922
22/10/2019 00:00,       6.307,      -8.097,     -22.118
23/10/2019 00:00,       8.640,      -7.807,     -24.797
24/10/2019 00:00,       6.307,      -7.834,     -18.922
25/10/2019 00:00,       1.814,      -9.049,     -17.194
26/10/2019 00:00,      -6.134,     -10.047,     -14.083
27/10/2019 00:00,      -3.110,      -8.827,     -13.824
28/10/2019 00:00,       2.506,      -7.747,     -18.403
29/10/2019 00:00,       3.802,      -6.954,     -18.230
30/10/2019 00:00,       7.085,      -7.738,     -19.008
31/10/2019 00:00,       3.888,      -8.603,     -23.501
01/11/2019 00:00,       2.678,      -9.240,     -21.859
02/11/2019 00:00,      14.688,      -8.682,     -27.475
03/11/2019 00:00,      14.256,      -9.364,     -29.462
04/11/2019 00:00,       2.592,      -9.687,     -17.885
05/11/2019 00:00,       1.296,      -9.193,     -20.995
06/11/2019 00:00,       6.739,      -9.360,     -18.662
07/11/2019 00:00,      -1.382,      -9.542,     -19.440
08/11/2019 00:00,"","",""
09/11/2019 00:00,"","",""
10/11/2019 00:00,"","",""
11/11/2019 00:00,"","",""
12/11/2019 00:00,"","",""
13/11/2019 00:00,"","",""
14/11/2019 00:00,"","",""
15/11/2019 00:00,"","",""
16/11/2019 00:00,"","",""
17/11/2019 00:00,"","",""
18/11/2019 00:00,"","",""
19/11/2019 00:00,"","",""
20/11/2019 00:00,"","",""
21/11/2019 00:00,"","",""
22/11/2019 00:00,"","",""
23/11/2019 00:00,"","",""
24/11/2019 00:00,"","",""
25/11/2019 00:00,"","",""
26/11/2019 00:00,"","",""
27/11/2019 00:00,"","",""
28/11/2019 00:00,"","",""
29/11/2019 00:00,"","",""
30/11/2019 00:00,"","",""
01/12/2019 00:00,"","",""
02/12/2019 00:00,"","",""
03/12/2019 00:00,"","",""
04/12/2019 00:00,"","",""
05/12/2019 00:00,"","",""
06/12/2019 00:00,"","",""
07/12/2019 00:00,       8.381,      -0.245,      -7.862
08/12/2019 00:00,      18.576,       0.498,     -14.861
09/12/2019 00:00,      12.269,      -0.303,     -17.366
10/12/2019 00:00,      14.515,      -0.226,     -16.589
11/12/2019 00:00,      10.800,      -0.062,     -13.219
12/12/2019 00:00,      15.898,       0.337,     -12.528
13/12/2019 00:00,      19.354,      -0.673,     -15.206
14/12/2019 00:00,      15.206,      -0.393,     -16.589
15/12/2019 00:00,      12.442,      -0.415,     -19.181
16/12/2019 00:00,      20.909,      -0.989,     -20.563
17/12/2019 00:00,"","",""
18/12/2019 00:00,"","",""
19/12/2019 00:00,"","",""
20/12/2019 00:00,"","",""
21/12/2019 00:00,"","",""
22/12/2019 00:00,"","",""
23/12/2019 00:00,"","",""
24/12/2019 00:00,"","",""
25/12/2019 00:00,"","",""
26/12/2019 00:00,"","",""
27/12/2019 00:00,"","",""
28/12/2019 00:00,"","",""
29/12/2019 00:00,"","",""
30/12/2019 00:00,"","",""
31/12/2019 00:00,"","",""
01/01/2020 00:00,"","",""
02/01/2020 00:00,"","",""
03/01/2020 00:00,"","",""
04/01/2020 00:00,"","",""
05/01/2020 00:00,"","",""
06/01/2020 00:00,"","",""
07/01/2020 00:00,"","",""
08/01/2020 00:00,"","",""
09/01/2020 00:00,"","",""
10/01/2020 00:00,"","",""
11/01/2020 00:00,"","",""
12/01/2020 00:00,"","",""
13/01/2020 00:00,"","",""
14/01/2020 00:00,"","",""
15/01/2020 00:00,"","",""
16/01/2020 00:00,"","",""
17/01/2020 00:00,"","",""
18/01/2020 00:00,"","",""
19/01/2020 00:00,"","",""
20/01/2020 00:00,"","",""
21/01/2020 00:00,"","",""
22/01/2020 00:00,"","",""
23/01/2020 00:00,"","",""
24/01/2020 00:00,"","",""
25/01/2020 00:00,"","",""
26/01/2020 00:00,"","",""
27/01/2020 00:00,"","",""
28/01/2020 00:00,"","",""
29/01/2020 00:00,"","",""
30/01/2020 00:00,"","",""
31/01/2020 00:00,"","",""
01/02/2020 00:00,"","",""
02/02/2020 00:00,"","",""
03/02/2020 00:00,"","",""
04/02/2020 00:00,"","",""
05/02/2020 00:00,"","",""
06/02/2020 00:00,"","",""
07/02/2020 00:00,"","",""
08/02/2020 00:00,"","",""
09/02/2020 00:00,"","",""
10/02/2020 00:00,"","",""
11/02/2020 00:00,"","",""
12/02/2020 00:00,"","",""
13/02/2020 00:00,"","",""
14/02/2020 00:00,"","",""
15/02/2020 00:00,"","",""
16/02/2020 00:00,"","",""
17/02/2020 00:00,"","",""
18/02/2020 00:00,"","",""
19/02/2020 00:00,"","",""
20/02/2020 00:00,"","",""
21/02/2020 00:00,"","",""
22/02/2020 00:00,"","",""
23/02/2020 00:00,"","",""
24/02/2020 00:00,"","",""
25/02/2020 00:00,"","",""
26/02/2020 00:00,"","",""
27/02/2020 00:00,"","",""
28/02/2020 00:00,"","",""
29/02/2020 00:00,"","",""
01/03/2020 00:00,"","",""
02/03/2020 00:00,"","",""
03/03/2020 00:00,"","",""
04/03/2020 00:00,"","",""
05/03/2020 00:00,"","",""
06/03/2020 00:00,"","",""
07/03/2020 00:00,"","",""
08/03/2020 00:00,"","",""
09/03/2020 00:00,"","",""
10/03/2020 00:00,"","",""
11/03/2020 00:00,"","",""
12/03/2020 00:00,"","",""
13/03/2020 00:00,"","",""
14/03/2020 00:00,"","",""
15/03/2020 00:00,"","",""
16/03/2020 00:00,"","",""
17/03/2020 00:00,"","",""
18/03/2020 00:00,"","",""
19/03/2020 00:00,"","",""
20/03/2020 00:00,"","",""
21/03/2020 00:00,"","",""
22/03/2020 00:00,"","",""
23/03/2020 00:00,"","",""
24/03/2020 00:00,"","",""
25/03/2020 00:00,"","",""
26/03/2020 00:00,"","",""
27/03/2020 00:00,"","",""
28/03/2020 00:00,"","",""
29/03/2020 00:00,"","",""
30/03/2020 00:00,"","",""
31/03/2020 00:00,      27.562,       0.247,     -25.315
01/04/2020 00:00,      23.069,      -0.818,     -25.315
02/04/2020 00:00,      23.242,      -1.297,     -14.602
03/04/2020 00:00,      10.022,      -0.692,     -12.874
04/04/2020 00:00,       2.506,       0.170,      -5.270
05/04/2020 00:00,       6.998,      -0.039,      -6.566
06/04/2020 00:00,      12.614,       0.976,      -8.640
07/04/2020 00:00,      20.563,      -1.570,     -18.922
08/04/2020 00:00,       6.221,      -1.873,     -22.810
09/04/2020 00:00,      15.552,      -0.309,     -19.181
10/04/2020 00:00,       5.530,      -0.532,      -6.134
11/04/2020 00:00,       5.357,      -0.259,     -11.750
12/04/2020 00:00,      11.578,       0.068,     -12.874
13/04/2020 00:00,       8.640,       0.252,      -4.666
14/04/2020 00:00,       5.184,       0.194,      -5.357
15/04/2020 00:00,       6.480,       0.137,      -2.160
16/04/2020 00:00,       3.283,       0.077,      -3.024
17/04/2020 00:00,       6.566,      -0.140,      -5.789
18/04/2020 00:00,       4.320,      -0.036,      -3.974
19/04/2020 00:00,       2.074,      -0.021,      -3.283
20/04/2020 00:00,       6.221,       0.146,      -8.208
21/04/2020 00:00,       6.480,       0.166,      -5.616
22/04/2020 00:00,       3.542,      -0.044,      -4.406
23/04/2020 00:00,       4.406,       0.239,      -3.370
24/04/2020 00:00,       4.061,       0.065,      -2.765
25/04/2020 00:00,      13.046,       2.089,      -6.912
26/04/2020 00:00,       5.270,       0.868,      -2.592
27/04/2020 00:00,       2.938,      -0.022,      -5.443
28/04/2020 00:00,       8.554,       0.207,      -4.061
29/04/2020 00:00,       3.024,       0.370,      -1.901
30/04/2020 00:00,       2.851,       0.077,      -3.283
01/05/2020 00:00,       2.333,       0.116,      -1.469
02/05/2020 00:00,       1.123,       0.106,      -1.210
03/05/2020 00:00,       7.949,       0.023,      -9.504
04/05/2020 00:00,      10.973,      -0.209,      -5.789
05/05/2020 00:00,      10.541,      -0.233,      -9.158
06/05/2020 00:00,      10.368,      -0.272,      -7.344
07/05/2020 00:00,       3.024,      -0.079,      -4.752
08/05/2020 00:00,       7.085,       0.060,      -3.629
09/05/2020 00:00,       2.765,       0.824,      -2.074
10/05/2020 00:00,       4.579,      -0.092,      -4.147
11/05/2020 00:00,       2.938,      -0.069,      -3.197
12/05/2020 00:00,       3.888,      -0.039,      -3.197
13/05/2020 00:00,       3.370,      -0.031,      -7.603
14/05/2020 00:00,       3.024,      -0.076,      -3.715
15/05/2020 00:00,      10.282,      -0.163,      -5.530
16/05/2020 00:00,       4.147,      -0.380,      -6.912
17/05/2020 00:00,       4.406,      -0.543,      -7.258
18/05/2020 00:00,       4.579,      -0.337,      -7.171
19/05/2020 00:00,       3.542,       0.085,      -2.506
20/05/2020 00:00,       4.320,       0.398,      -2.419
21/05/2020 00:00,       3.197,      -0.095,      -7.690
22/05/2020 00:00,       9.418,       0.063,      -2.506
23/05/2020 00:00,       6.653,       0.241,      -1.987
24/05/2020 00:00,       2.592,      -0.050,      -2.678
25/05/2020 00:00,       2.592,      -0.079,      -3.888
26/05/2020 00:00,       4.061,       0.067,      -8.381
27/05/2020 00:00,       2.678,      -0.238,      -6.221
28/05/2020 00:00,       2.074,      -0.153,      -2.506
29/05/2020 00:00,       8.986,       0.164,      -7.085
30/05/2020 00:00,       2.851,      -0.362,      -3.715
31/05/2020 00:00,       9.072,       0.579,      -3.715
01/06/2020 00:00,       9.850,      -0.115,     -13.478
02/06/2020 00:00,       3.110,      -4.389,     -18.662
03/06/2020 00:00,       1.728,      -0.294,      -2.074
04/06/2020 00:00,       2.074,       0.185,      -2.074
05/06/2020 00:00,       1.987,      -0.036,      -2.851
06/06/2020 00:00,       2.160,       0.221,      -1.555
07/06/2020 00:00,       2.246,       0.174,      -1.901
08/06/2020 00:00,       2.333,       0.101,      -1.901
09/06/2020 00:00,       2.592,       0.214,      -2.333
10/06/2020 00:00,       2.160,       0.038,      -2.592
11/06/2020 00:00,       2.592,       0.224,      -2.074
12/06/2020 00:00,       2.678,       0.178,      -1.987
13/06/2020 00:00,       3.024,       0.379,      -3.974
14/06/2020 00:00,      14.515,       1.066,      -9.677
15/06/2020 00:00,       8.640,       0.889,     -10.109
16/06/2020 00:00,       9.936,      -2.150,     -19.094
17/06/2020 00:00,       5.530,      -0.546,      -9.936
18/06/2020 00:00,       1.123,      -0.556,      -2.160
19/06/2020 00:00,       2.678,      -0.794,     -17.194
20/06/2020 00:00,      31.018,       2.102,      -7.776
21/06/2020 00:00,      45.014,       8.597,       1.555
22/06/2020 00:00,       3.370,       2.183,       1.210
23/06/2020 00:00,       3.197,       2.132,       1.296
24/06/2020 00:00,       5.184,       2.314,       0.346
25/06/2020 00:00,       2.419,       1.591,       0.000
26/06/2020 00:00,       2.938,       1.307,      -0.173
27/06/2020 00:00,       2.851,       1.174,      -1.123
28/06/2020 00:00,       1.814,       0.906,       0.173
29/06/2020 00:00,       1.814,       0.823,      -0.346
30/06/2020 00:00,       1.642,       0.737,      -0.691
01/07/2020 00:00,       2.678,       0.805,      -0.864
02/07/2020 00:00,       3.110,       1.834,       0.864
03/07/2020 00:00,       3.629,       2.331,       0.259
04/07/2020 00:00,       3.542,       2.030,       1.037
05/07/2020 00:00,       2.419,       1.434,       0.173
06/07/2020 00:00,       2.592,       1.256,      -0.259
07/07/2020 00:00,       1.469,       0.890,       0.346
08/07/2020 00:00,       1.382,       0.665,      -0.173
09/07/2020 00:00,       1.469,       0.497,      -0.864
10/07/2020 00:00,       1.555,       0.524,      -1.296
11/07/2020 00:00,       2.678,       1.299,      -0.259
12/07/2020 00:00,       4.061,       2.060,       0.518
13/07/2020 00:00,       2.333,       1.510,       0.605
14/07/2020 00:00,       2.592,       1.093,      -0.605
15/07/2020 00:00,       2.678,       0.923,      -1.210
16/07/2020 00:00,       1.814,       0.831,      -0.173
17/07/2020 00:00,       1.382,       0.728,      -0.605
18/07/2020 00:00,       3.542,       0.614,      -0.259
19/07/2020 00:00,       1.728,       0.626,      -1.296
20/07/2020 00:00,       1.469,       0.590,      -0.518
21/07/2020 00:00,       1.642,       0.582,      -0.691
22/07/2020 00:00,       3.024,       0.549,      -0.518
23/07/2020 00:00,       2.592,       0.510,      -2.246
24/07/2020 00:00,       2.938,       0.301,      -1.987
25/07/2020 00:00,       2.678,       0.287,      -3.110
26/07/2020 00:00,       3.197,       0.170,      -5.270
27/07/2020 00:00,       2.333,      -0.548,      -8.986
28/07/2020 00:00,"","",""
29/07/2020 00:00,"","",""
30/07/2020 00:00,"","",""
31/07/2020 00:00,"","",""
01/08/2020 00:00,"","",""
02/08/2020 00:00,"","",""
03/08/2020 00:00,"","",""
04/08/2020 00:00,"","",""
05/08/2020 00:00,"","",""
06/08/2020 00:00,"","",""
07/08/2020 00:00,"","",""
08/08/2020 00:00,"","",""
09/08/2020 00:00,"","",""
10/08/2020 00:00,"","",""
11/08/2020 00:00,"","",""
12/08/2020 00:00,"","",""
13/08/2020 00:00,"","",""
14/08/2020 00:00,"","",""
15/08/2020 00:00,"","",""
16/08/2020 00:00,"","",""
17/08/2020 00:00,"","",""
18/08/2020 00:00,"","",""
19/08/2020 00:00,"","",""
20/08/2020 00:00,"","",""
21/08/2020 00:00,"","",""
22/08/2020 00:00,"","",""
23/08/2020 00:00,"","",""
24/08/2020 00:00,"","",""
25/08/2020 00:00,"","",""
26/08/2020 00:00,"","",""
27/08/2020 00:00,"","",""
28/08/2020 00:00,"","",""
29/08/2020 00:00,"","",""
30/08/2020 00:00,"","",""
31/08/2020 00:00,"","",""
01/09/2020 00:00,"","",""
02/09/2020 00:00,"","",""
03/09/2020 00:00,"","",""
04/09/2020 00:00,"","",""
05/09/2020 00:00,"","",""
06/09/2020 00:00,"","",""
07/09/2020 00:00,"","",""
08/09/2020 00:00,"","",""
09/09/2020 00:00,"","",""
10/09/2020 00:00,"","",""
11/09/2020 00:00,"","",""
12/09/2020 00:00,"","",""
13/09/2020 00:00,"","",""
14/09/2020 00:00,"","",""
15/09/2020 00:00,"","",""
16/09/2020 00:00,"","",""
17/09/2020 00:00,"","",""
18/09/2020 00:00,"","",""
19/09/2020 00:00,"","",""
20/09/2020 00:00,"","",""
21/09/2020 00:00,"","",""
22/09/2020 00:00,"","",""
23/09/2020 00:00,"","",""
24/09/2020 00:00,"","",""
25/09/2020 00:00,"","",""
26/09/2020 00:00,"","",""
27/09/2020 00:00,"","",""
28/09/2020 00:00,"","",""
29/09/2020 00:00,"","",""
30/09/2020 00:00,"","",""
01/10/2020 00:00,"","",""
02/10/2020 00:00,"","",""
03/10/2020 00:00,"","",""
04/10/2020 00:00,"","",""
05/10/2020 00:00,"","",""
06/10/2020 00:00,"","",""
07/10/2020 00:00,"","",""
08/10/2020 00:00,"","",""
09/10/2020 00:00,"","",""
10/10/2020 00:00,"","",""
11/10/2020 00:00,"","",""
12/10/2020 00:00,"","",""
13/10/2020 00:00,"","",""
14/10/2020 00:00,"","",""
15/10/2020 00:00,"","",""
16/10/2020 00:00,"","",""
17/10/2020 00:00,"","",""
18/10/2020 00:00,"","",""
19/10/2020 00:00,"","",""
20/10/2020 00:00,"","",""
21/10/2020 00:00,"","",""
22/10/2020 00:00,"","",""
23/10/2020 00:00,"","",""
24/10/2020 00:00,"","",""
25/10/2020 00:00,"","",""
